Buntaran & Lisawati,-7.249698,112.74623
Kantor Pegadaian,-7.2475219,112.7507227
Pt Prima Inti Reksa,-7.256789,112.741594
"Kap Made Sudarma, Thomas & Dewi",-7.2677335,112.7484396
"Kantor Akuntan Publik Supoyo, Eddy, Dan Rekan",-7.2605037,112.7413698
Uptd Surabaya 2,-7.2469919,112.758304
"Kap Jamaludin, Ardi, Sukimto & Rekan Surabaya",-7.2612449,112.752218
Kantor Supoyo Grup,-7.255965,112.748658
Samsat Mobile,-7.2527294,112.7495916
Solid Consultant,-7.258752,112.757402
Samsat Keliling Tambak Sari,-7.2520863,112.7552616
"Kantor Akuntan Publik Erwin, Zikri & Togar",-7.2611366,112.7461976
Athaa Account,-7.250121,112.752392
"Rheem,Water Heater Surabaya",-7.252769,112.745658
Salim Idris Jasa Angkutan & Cartern Pick Up Cery Surabaya Timur,-7.263559,112.7577116
Fath & Co,-7.265823,112.748638
Bisnis Konsultan Equity Group,-7.266358,112.748905
Galo Gale Bersaudara Biro Jasa,-7.2644445,112.7449911
Pt Alam Mekar Tunggal,-7.2644445,112.7449911
Kpp Pratama Surabaya Gubeng,-7.2676943,112.7506554
Setia Abadi Trans 354,-7.2498002,112.7205447
Rental Mobil Surabaya,-7.297529,112.751574
Taman Hiburan Rakyat,-7.252291,112.7520012
Hasil Bagus Indonusantara,-7.2473613,112.7556799
Ss Aquarium,-7.257472,112.752088
Emmitan Ca Gallery,-7.2610769,112.7471715
Karikatur/Lukisan Online,-7.260858,112.74829
Mulia Art Galery,-7.2651978,112.748752
Trisensa Ceramics (Pt. Sumbertaman Keramika Industri),-7.2554976,112.7437662
Shao Gallery,-7.2600571,112.7439089
Konveksi,-7.2574719,112.7520883
Clafrity Art,-7.2574719,112.7520883
Art Gallery,-7.2612461,112.7507039
Hakarya Team Art And Handycraft,-7.2541942,112.7564773
Garuda Art Galeri,-7.2556941,112.7451109
Rumahatas Gallery,-7.253872,112.758735
Golden Palace Jade Gallery,-7.265371,112.748767
Studio Tedja,-7.2662269,112.756103
Uycc Art Gallery,-7.2680621,112.7477999
Ud.Rahardjo Art,-7.2591252,112.7635518
Galeri Prabangkara,-7.256694,112.739858
Btpn Kcp Teratai,-7.2549619,112.7546226
Atm Bni,-7.253869,112.7498039
Atm Bank Bni,-7.25241,112.750303
Master Card,-7.2569464,112.7501595
Bank Syariah Mandiri Atm,-7.2549351,112.7504399
Bank Mandiri Surabaya Kusuma Bangsa,-7.2548647,112.7503906
Atm Bank Tabungan Pensiunan Nasional (Btpn),-7.2549006,112.7546513
Atm Bank Negara Indonesia(Persero) Tbk. Pt,-7.254262,112.750405
Cimb Niaga Atm,-7.2612401,112.7508436
Permata Bank Atm,-7.261061,112.75021
Alfamart,-7.2539489,112.7501359
Atm Mandiri,-7.261255,112.7504099
Bca Kcp Kusuma Bangsa,-7.2540225,112.7497843
Bca Prioritas,-7.2539917,112.7497855
Atm Bank Jatim,-7.2579019,112.7478787
Atm Bca,-7.2539926,112.7497766
Bni Kusuma Nation,-7.2539484,112.749774
Atm Samsat & Samsat Corner,-7.2614762,112.7503661
Danamon Atm,-7.2616,112.750592
Panin Bank,-7.2538273,112.749722
Ilo Bakery,-7.2574719,112.7520883
Kampoeng Roti,-7.2548513,112.7543285
Bread Talk,-7.261136,112.750724
Maison F�erie,-7.2618583,112.7506294
Gei Dan Jai,-7.2620316,112.7504539
Roti Boy,-7.263187,112.7476604
Dunkin' Donuts,-7.265592,112.7526326
Booth Amanda Brownies - Delta Plaza,-7.2648511,112.7484026
Pocoyo,-7.2651011,112.7486277
Rotiboy Plaza Surabaya,-7.265198,112.748752
Bread Talk Plaza Surabaya,-7.2651239,112.748461
Dea Bakry,-7.2574719,112.7520883
Gulshan Kumar Gulshan Kumar,-7.2574719,112.7520883
Modone Jaksel,-7.2574719,112.7520883
Raka Jaya,-7.2574719,112.7520883
Heri Muryeong,-7.2574719,112.7520883
Morshecookie,-7.2574719,112.7520883
Suraj Kumar,-7.2574719,112.7520883
Sunil Dwivedi,-7.2574719,112.7520883
Dearmebakers,-7.2574719,112.7520883
Bank Mandiri Surabaya Pdam,-7.259943,112.755418
Btpn Kcp Teratai,-7.2549619,112.7546226
Atm Bni,-7.253869,112.7498039
Atm Bank Bni,-7.25241,112.750303
Hp,-7.2574719,112.7520883
Bank Mandiri Surabaya Kusuma Bangsa,-7.2548647,112.7503906
Bank Jatim Kk Pemkot Surabaya,-7.2578842,112.7482053
Bank Danamon,-7.2599754,112.7554184
Bca Kcp Kusuma Bangsa,-7.2540225,112.7497843
Bca Prioritas,-7.2539917,112.7497855
Bni Kusuma Nation,-7.2539484,112.749774
Bank Amar Kusuma Bangsa,-7.2537208,112.7501671
Panin Bank,-7.2538273,112.749722
Bank Permata,-7.2617855,112.7507925
Bca,-7.2617855,112.7507925
Atm Bni Grand City,-7.2624961,112.7510253
Permata,-7.2528232,112.7497401
Atm Bni Surabaya Mall,-7.252424,112.750412
Mandiri Atm Hitech Mal,-7.2523395,112.7498992
Bank Panin,-7.2527861,112.755167
Bekisar Bar,-7.2667941,112.7515243
Pergudangan,-7.2574719,112.7520883
Legendaqq,-7.2574204,112.7521584
Rebelland Street Bar Tambaksari,-7.2545428,112.7542603
Kantor Pulsa,-7.259943,112.755418
Angelveronica Noorvita Chandra,-7.2590384,112.7479985
Kue Balok Rajalumer_,-7.2562703,112.7467457
Iboe Herbal Bar,-7.2522721,112.7501033
Hs House,-7.2592888,112.757604
Makam Calling,-7.2525508,112.7486169
Angkringan Moro Seneng,-7.2614651,112.7472646
"Dekat Pacar Keling, Kec. Tambaksari, Kota Sby, Jawa Timur",-7.2629306,112.7561184
Tipsy Tales (Tipsytales.Id),-7.2512317,112.7483527
Nasi Padang,-7.2554131,112.7592882
Maumu Karaoke,-7.2599189,112.744858
Depot 136,-7.2497683,112.7502367
Pandan Drinks,-7.265055,112.748646
Saridele Ibuk,-7.257541,112.7606189
C-Bar (Community Bar),-7.2653735,112.7488293
Ice Tea Gopek,-7.265371,112.748767
Johnny Andrean Training Center,-7.2524101,112.7509475
Salon Mellenium,-7.2547855,112.7509924
Paxi Barbershop,-7.261795,112.750542
"Pijat Refleksi Royal Garden Massage, Spa (Under Renovation Please Check Other Outlet)",-7.254126,112.745271
Larissa,-7.264223,112.748344
Marie France Bodyline,-7.26519,112.749064
Hott Salsa,-7.261691,112.759531
Salon,-7.2489002,112.756525
Sin Lan Salon,-7.2521635,112.743557
Tirta Ayu Spa Royal Gallery Kayoon,-7.2673691,112.7491272
Jimmy Waworuntu,-7.2674391,112.7489612
Ud. Jelita,-7.247651,112.746821
Salsa Beauty Center,-7.2572659,112.7644751
Ellsis Whitening Surabaya,-7.2574719,112.7520883
Jay Salon,-7.257472,112.752088
Hairdomakeup_Celiwang,-7.2574718,112.7520884
Febriyanti Beuty,-7.2565938,112.752015
Salon Ayu,-7.2577927,112.7542345
Ernawati Salon,-7.2549942,112.7526103
Sakura Salon,-7.2545629,112.7518419
King Bike Sale,-7.2528302,112.7503752
Rejo Agung Bike Indonesia,-7.2506604,112.7496721
Live,-7.264764,112.754874
Indo Bike,-7.259903,112.744047
Toko Sepeda Ud. Bintang Harapan,-7.2598431,112.7435288
Toko Cahaya Sepeda,-7.2598979,112.743544
Toko Sepeda Sinar Baru,-7.2597755,112.7434492
Kedai Kelontong,-7.2597821,112.7434508
Toko Sepeda Moro Seneng,-7.248993,112.7570253
Toko Sepeda Podo Seneng,-7.2489508,112.7570358
Bicycle Shop Bing Jaya,-7.249002,112.7571406
Aneka Sepeda,-7.248994,112.758612
Jual Beli Speda Mtb Roadbikeseli Bekas,-7.2464984,112.7512997
Toko Sepeda Bekas Adi Jayabike,-7.246418,112.7510842
Toko Sepeda Lipat,-7.2690312,112.7503939
Pds,-7.2458998,112.751192
Papo E-Bike,-7.2491764,112.7611838
Tba Bookstore,-7.2645034,112.7487853
Sami Jaya,-7.2598423,112.7578468
Tisera,-7.248273,112.758622
Sagung Seto,-7.2680055,112.7579786
Sanketa Pujari,-7.2574719,112.7520883
Akhlaque Alam,-7.2574719,112.7520883
Yibenbook Bookstore,-7.2574719,112.7520883
Gengoya Store,-7.2574719,112.7520883
Toko Buku Sumber Jaya,-7.2583665,112.7543163
Toko Buku Ulfa,-7.254214,112.750578
Gunung Agung,-7.2619465,112.7505183
Toko Buku & Alat Tulis Andyka,-7.259711,112.75719
H25 Service,-7.252052,112.750464
Lapak Buku Man Tauhid,-7.2523849,112.755235
Penjaitan Buku Perus,-7.2585074,112.7458056
Toko Mandiri Jaya Stationery,-7.2602601,112.7582464
Ey Monse 44,-7.2510362,112.7502535
Penerbit Bukit Zaitun,-7.2623007,112.7472671
Toko Gunung Agung,-7.2654185,112.7491705
Cahaya Ilmu,-7.248859,112.7566113
Kaza Bowling Alley,-7.2483921,112.7588882
Bowling & Birlliard,-7.2484084,112.7580045
Bus Terminal Pasar Turi,-7.2642396,112.7455788
Oitako,-7.258317,112.750271
Nippon Penyetan 99 (Bayu),-7.259614,112.753549
Warung Mampir,-7.254279,112.750608
Inball Snack Cafe,-7.2599553,112.7486722
Excelso,-7.2615886,112.7504172
Teh 63,-7.2612864,112.749803
My Kopi-O!,-7.2618041,112.7503141
Quickly,-7.2618186,112.7503011
C.O.C Jus Tomat Clan,-7.2592442,112.7567967
Starbucks Grand City Surabaya,-7.2622076,112.7504731
Tong Tji,-7.252009,112.750963
Double Dipps Donuts & Coffee,-7.263463,112.748511
Tong Tji Tea House,-7.263187,112.7476604
Chatime,-7.2647766,112.7486923
Mr Coffee Indonesia,-7.2666582,112.7498026
Candi Bentar Cafe,-7.2670256,112.7515134
Fortunate Coffe,-7.249743,112.746266
Warkop Banda,-7.2681089,112.7516445
Coffee Toffee Taman Apsari,-7.2638689,112.7433283
Cafe Pak To,-7.2561444,112.741273
Liekmotor Toyota Surabaya,-7.2574719,112.7520883
Hasjrat Abadi. Pt,-7.2559252,112.7500686
Suzuki,-7.250309,112.74974
Sales Office Honda Mandala Mandiri,-7.2555811,112.7440532
Pt. Eka Prima Mandiri Sentosa,-7.2493386,112.7601072
Acc,-7.2664428,112.744673
Deler,-7.2574719,112.7520883
Suzuki Sbt Manyar Mulyorejo Depan Kantor Samsat Manyar Pas,-7.2574719,112.7520883
Toko Aneh,-7.2574719,112.7520883
Pt.Super Sukses Sejahterah,-7.2574719,112.7520883
Suzuki Surabaya,-7.2574777,112.752031
Toyota Surabaya,-7.2574509,112.7519064
Harga Suzuki Surabaya,-7.2540597,112.7522854
Surabaya Mobil Murah Feat Oto.Com Jatim,-7.259963,112.7548309
Waru,-7.2537515,112.7519272
Dealaer Sales Daihatsu,-7.2597338,112.7555924
Honda Fortuna Motorindo,-7.2605937,112.7552618
Astra - Grand City Mall,-7.2620569,112.7502598
Toyota Liek Motor Walmus,-7.2618196,112.7494254
Toyota Liek Motor,-7.2635001,112.7500338
Surabayapickup.Com,-7.258502,112.76002
Cv. Indah Jaya,-7.2683731,112.7521643
D74 Transport,-7.260201,112.7506591
Garasi Prioritas Sarana Transport,-7.258328,112.7561349
Garasi Putera Mentari Rent Car,-7.2584695,112.7564118
Gubeng Rent Car,-7.2625925,112.7521353
Kosgoro Unit 1 Rent Car,-7.2627172,112.752166
Travel Surabaya Banyuwangi Malang Jember Jakarta Semarang Bandung Jogja,-7.2577875,112.7581353
Sewa Innova Murah Surabaya,-7.2519624,112.7543744
Prioritas Sarana Transport Surabaya,-7.2592401,112.7581097
Dian Rent Car,-7.2585199,112.7446712
Jalantrans,-7.2562534,112.7602179
Tran99 Rental/Sewa Mobil Surabaya,-7.2639507,112.7467321
Kosgoro,-7.2662,112.751909
Persewaan Mobil,-7.2511869,112.7592879
Rental Mobil Pepso,-7.2543438,112.7615229
Sewa Elf Surabaya,-7.2656154,112.7461008
Rental Mobil Surabaya Yulia Trans,-7.24724,112.7528779
Yan Rent Car Gubeng,-7.2680663,112.7546316
Cv. Lawu Jaya,-7.263533,112.761452
Omega Ban,-7.255185,112.742919
Vaj Car Styling Variasi Mobil Mitsubishi Motors,-7.252106,112.7476819
Suma Parts Shop Kusuma Bangsa,-7.2546683,112.7503234
Green Nitrogen Indrakila Sby Spbu 54 - 601143,-7.2605297,112.7543055
Green Nitrogen Ambengan Sbu Spbu 54 - 601104,-7.2561537,112.746534
Hino Parts Shop Sapta Motor,-7.2503427,112.749722
Panca Jaya Equipment,-7.255452,112.744333
Auto Global,-7.2491389,112.7520592
Dealer Utama Viar - Tekad Motor,-7.2483871,112.7507212
Arena Ban Dunlop,-7.2530166,112.7446078
Ziebart Undaan,-7.2503294,112.7467422
Duta Ban,-7.250409,112.74608
Pt. Anugerah Cendrawasih Sakti Motor,-7.2642396,112.7455788
Wim Cycle,-7.248579,112.748383
Nasional Motor,-7.248281,112.748713
Planet Ban Jalan Kalianyar Kapasari,-7.2486643,112.7471331
Nasional Motor,-7.2476641,112.7468582
Triguna Utama. Cv,-7.246386,112.751395
Murni Ban,-7.246524,112.7478012
Kompresor Mini,-7.2574719,112.7520883
Vaj Car Styling Variasi Mobil Mitsubishi Motors,-7.252106,112.7476819
Autoclean Waterless Surabaya,-7.261874,112.75052
Ziebart Undaan,-7.2503294,112.7467422
Cuci Mobil Indra Q-La,-7.2604816,112.7539751
Dpasarpub31,-7.2543659,112.750308
Lomo Carwash - Tambaksari (Cuci Mobil 24 Jam),-7.2544975,112.7544112
Gemilang Car Care Cabang Ambengan,-7.2556725,112.7485979
Auto Wash,-7.262271,112.7534599
Cucu Motor Reski,-7.2530748,112.7546898
Salon Mobil Panggilan(4L1F Detailing),-7.2541591,112.75625
Cuci Sepeda Motor + Poles Momo,-7.2562091,112.7579085
Iglow Car Wash & Detailing,-7.2634703,112.7475749
Buanyu Muilii (Cuci Motor + Warkop),-7.25532,112.759484
Cuci Motor Yos Sudarso,-7.2625923,112.7463306
Cuci Mobil K-One Community,-7.2511686,112.7468032
Satrio Cuci Motor,-7.2543193,112.760921
Bogen Sumber Cuci Motor,-7.2511947,112.7592403
Indo Ban,-7.2500733,112.7460213
Ambiziuz Garage,-7.2545713,112.7613776
Salon Mobil Dan Motor Detailing,-7.257864,112.7618959
Kuburan Karang Gayam,-7.257237,112.756351
Pertigaan Makam Pahlawan Tht,-7.2524407,112.7495708
Taman Makam Pahlawan - Depan Thr,-7.2521584,112.7494327
Garden Tomb Of Heroes,-7.2521587,112.7479229
Makam Karang Gayam,-7.253419,112.75781
Pesarean Syech Abdulloh,-7.2509959,112.7471599
Kuburan Islam Bogen,-7.2512341,112.7589388
Makam Islam Jedong,-7.2562024,112.7613544
Makam Kapas Krampung,-7.2642396,112.7455788
Lontar,-7.2642396,112.7455788
Makam Kristen,-7.2673134,112.7537668
Makam Achli Waris,-7.268572,112.753336
Pemakaman Umum Kapas Krampung,-7.24956,112.7601078
Makam Peneleh,-7.2526396,112.7413586
Makam Islam Kedung Tarukan,-7.2632832,112.7625407
Taman Makam Pahlawan Kusuma Bangsa,-7.2522577,112.7492897
Pak Djarwo,-7.2512038,112.7588795
Gka Gloria Pacar,-7.25675,112.747969
Gereja Maranatha,-7.2611366,112.7461976
Gereja Katolik Kristus Raja,-7.2560433,112.754272
Bright Community Service (Bcs) Surabaya,-7.2615812,112.7498226
Tabernacle Church Of Indonesia Mount Of Olives Surabaya 1,-7.2623682,112.747126
Gereja Kristen Jawi Wetan (Gkjw) Surabaya,-7.2650306,112.7555304
Trinity Christian Church Abdiel,-7.2679083,112.7486476
Grii Andhika Surabaya,-7.260342,112.74098
Gii Hok Im Tong - Sudirman,-7.2676414,112.7452408
Mimiyumi,-7.2574719,112.7520883
Si.Iglesia Cat�lica Michael Rev.Padre Paul Refugio Camp,-7.2574719,112.7520883
Gbi Rock Graha Ambassador,-7.2574719,112.7520883
Gereja Bethel Tabernakel Kristus Tuhan,-7.2575896,112.7513548
Gereja Sidang Jemaat Kristus,-7.257219,112.751029
Gsjk Kusuma Bangsa,-7.2572467,112.7509082
Gbi Ambengan,-7.2562436,112.7519429
Gereja Kristen Indonesia (Gki) Residen Sudirman,-7.2568206,112.7537635
(Graha Gsjs) Gereja Satu Jam Saja,-7.2590928,112.7490912
Gereja Kristen,-7.2544183,112.750184
Kalam Kudus,-7.2614144,112.7510035
Surabaya City Hall,-7.2592417,112.7470118
Surabaya Jatim,-7.2651026,112.7450001
One Collection,-7.2564046,112.7513058
Sabrina Shape Up Foundation,-7.2567977,112.7464453
Inspirasi Cantik Store (Inc Store),-7.258265,112.75023
Bebe,-7.2611219,112.750862
Nutz Apparel,-7.2536966,112.7532813
Benhill - Atom Mall,-7.2599425,112.7554183
House Of Wacoal Grand City Surabaya,-7.2591707,112.7481372
Jeffry Tan,-7.2614676,112.7504325
Esye,-7.261392,112.750149
Marks & Spencer Grand City,-7.2615886,112.7504172
Giordano,-7.26166,112.750509
Marks & Spencer,-7.2617855,112.7507925
Pt Chandra Indo Garmen,-7.2617855,112.7507925
Wacoal,-7.26164,112.750359
Barbie,-7.2617468,112.7505927
The Executive,-7.2616407,112.7502654
Minimal,-7.2618583,112.7506294
Coconut Island,-7.2619147,112.7507323
Hammer,-7.261568,112.749865
New Look,-7.2618614,112.7504969
Bazaar Parcel,-7.2601339,112.7443863
Alfamart,-7.2582727,112.7541922
Indomaret,-7.2569935,112.7542939
Toko Pak Sulaiman,-7.254262,112.750713
Toko Lancar Jaya,-7.25427,112.750559
Alfamart,-7.2539489,112.7501359
Alfamart,-7.2533277,112.7546961
Indomaret Tambaksari,-7.2529762,112.7548175
Indomaret Kusuma Bangsa,-7.2526539,112.749444
Toko Pak Asbani,-7.259835,112.759169
Alfamart,-7.2604399,112.759256
Indomaret Point,-7.2652107,112.7519637
Indomaret,-7.2599791,112.7441663
Indomaret,-7.249053,112.7539179
Pt. Aquase,-7.2642396,112.7455788
Muncul Plastik,-7.2498036,112.7456936
Toko Langgeng,-7.2668874,112.7563978
Indomaret Ploso Bogen,-7.25216,112.761562
Alfamart,-7.2479353,112.7460114
Circle K Kayon,-7.2682893,112.7482145
"Dentist Winda Maria, Drg",-7.2595047,112.7509613
Drg Fanny Djuanda,-7.257745,112.751137
Drg Naora 58A,-7.2562286,112.7524226
Dokter Gigi Drg. Adieb Paradiebba,-7.2599977,112.7522204
Drg Stefanus Setiabudi,-7.255777,112.7497003
Eri Iskandar,-7.256172,112.748214
Dr. J. Wibowo,-7.2594423,112.7480387
"Prof. Dr. Drg. Soegeng Wahluyo, M.Kes., Sp.Kga(K)",-7.259309,112.756325
"Drg. Hartanto H, Sppros",-7.2567468,112.7475643
Dokter Implan Gigi,-7.2594777,112.747725
"Dokter Gigi Felie Primadewi Sintoro., Sp. Kg",-7.2594256,112.7565923
Dokter Gigi S.B.Hadiwidjaja,-7.2530783,112.7495614
Witarmin Tanoyo Dokter Gigi (Pindah Ke Jalan Kalasan Nomer 9 Surabaya),-7.257515,112.7576405
Drg. Rosita R.,-7.259539,112.757471
"Anggraeni S, Drg",-7.2574899,112.7463477
Drg K Kamaraiah,-7.260076,112.7576599
Dokter Gigi Soebagio,-7.254186,112.746587
Dokter Gigi V. Soepratikno K,-7.256083,112.74561
Dokter A.Hutojo Djajakusuma,-7.252299,112.7476604
Foresta Dent,-7.2602144,112.7455857
The Grand Palace,-7.2616922,112.7510766
Matahari Department Store Delta Plaza Surabaya,-7.2654549,112.7491238
Matahari Department Store Kaza City Surabaya,-7.2482736,112.758573
Threeshop,-7.2574719,112.7520883
Toko Rafa Reva,-7.2558166,112.7516192
Towing,-7.2559357,112.7469696
Ruko Pak Taufik,-7.2530559,112.7454379
Tile Shop Kali Jaya,-7.25672,112.743426
Toko Yahya Z,-7.2642396,112.7455788
Atthoyibah,-7.254224,112.761124
Toko Surya,-7.2644445,112.7449911
Buat Dikulak,-7.2478427,112.7474327
Ud Raya,-7.2588955,112.7407331
Novy,-7.2492791,112.760121
Ud Rias,-7.2471483,112.7471633
Toko Lumayan,-7.2586173,112.7404057
Rejeki Toko,-7.2633795,112.7418878
Agus Iswanto/Toko/Tp,-7.2498774,112.7612686
Toko Sri Aji Putra,-7.257302,112.7644779
Dr. Yanti Aesthetic Clinic - Surabaya (Ambengan),-7.2558137,112.7495686
Dr. Ananda Haris Spbs,-7.256509,112.747071
Rscm Surabaya,-7.2478464,112.7497167
A. Kasoem Hearing & Speech Center - Rsud Dr. Soetomo,-7.266994,112.757361
Persatuan Dokter Spesialis Mata Indonesia,-7.2670493,112.7586477
Adi Husada Undaan Hospital,-7.2516239,112.7458645
Undaan Eye Hospital,-7.2542091,112.7435688
Rayhan Abi Muzabi,-7.2574719,112.7520883
Kuade Sak Terope,-7.2574719,112.7520883
Leni Dr,-7.257417,112.752413
Iwan Djuanda Dr Spog,-7.2577652,112.7512213
"Doktor Hermanto Swatan, Sp. S. Fins",-7.2572078,112.7512216
"Dr. Leny Megahwati, Sp.Tht-Kl (Dokter Tht)",-7.2572253,112.7512139
Drg Fanny Djuanda,-7.257745,112.751137
Freesia Felt,-7.2567751,112.7513684
Ratna Anggraeni Hadikuncoro Dr Sps,-7.2583178,112.7512166
Doktor Nova Lita A,-7.2587605,112.7536682
Dr. Christine W. Mars,-7.2590859,112.7507939
Dr.Herni,-7.2598948,112.7508371
Akupuntur,-7.2599417,112.750926
Jamu Iboe,-7.2488459,112.7509351
Sinarjaya Pestisida Surabaya Online,-7.253963,112.763581
Maharani Shop,-7.2574803,112.752031
Green Coffee Pelangsing,-7.2572779,112.7515987
Garcinia Forte,-7.256199,112.7510249
Detoxic Surabaya,-7.2559253,112.7500868
Toko Kupeng Bahan Bangunan,-7.2566824,112.7558226
Obat Penenang Pikiran,-7.2640166,112.7488864
Toko Jamu Jago,-7.250549,112.7556036
Bintang 9,-7.2604723,112.7599675
Drug Store,-7.265299,112.748758
Malegenix Surabaya,-7.2581184,112.7432352
Toko Obat Sehat Utama,-7.251946,112.744378
Apotek Prayogi,-7.2485657,112.7478662
Toko Naga Sakti,-7.2483365,112.7462633
Toko Obat Surabaya Jaya,-7.2480796,112.7461767
Toko Obat Tambak,-7.24807,112.758291
Blue Wizard Asli Surabaya 083100738388,-7.2625136,112.741192
Kapas Krampung Apotik,-7.2492159,112.7610079
Jual Permen Candy B Di Surabaya,-7.261708,112.740522
Electric Ms,-7.2477794,112.744994
Bs Electrical,-7.253351,112.755266
Santoso Jaya Teknik,-7.249127,112.7508957
Om Gunawan,-7.251711,112.7437205
Jasa Pasang Cctv Surabaya,-7.245879,112.7536097
Muncul Cell,-7.2539312,112.7548381
Rita Fotocopy,-7.256759,112.7593897
Fian Cell,-7.258547,112.754931
Planet Digital,-7.2523253,112.7505666
Plasa Computer,-7.2523038,112.7506971
Galerio,-7.263413,112.747798
Samsung Branch Shop,-7.2523253,112.7505666
Lenovo,-7.2550003,112.7504482
Dragon Computer & Communication,-7.2523568,112.7505079
Vaj Car Styling Variasi Mobil Mitsubishi Motors,-7.252106,112.7476819
Panasonic,-7.25241,112.750303
Link Microsystem,-7.2551031,112.7504325
Melia Computer,-7.2541943,112.7502393
Toshiba Premier Lounge,-7.253854,112.7502254
Smart Tech,-7.252762,112.751055
Gravindo,-7.252757,112.7509
It Express,-7.252911,112.750292
Mobitek,-7.252884,112.750292
Trimas Komputer,-7.2526095,112.7509757
Gigacom Mega Semesta,-7.252807,112.750268
Kedutaan 15,-7.2626259,112.7603789
Bunga Bakung Florist,-7.2585544,112.7515538
Eva Florist,-7.260019,112.761914
Freesia Flowershop,-7.265083,112.74493
Gavrila Florist Surabaya,-7.2679638,112.7490923
Eddy Roses Florist,-7.2681046,112.7487032
Trisnaflorist,-7.268197,112.748789
Panorama Florist,-7.2681787,112.748771
Pasadena Florist,-7.268251,112.7488768
Cahaya Florist & Wedding Decoration Surabaya,-7.2683562,112.7485358
Natalia Florist Surabaya,-7.2683234,112.7485184
Toko Bunga Palmal,-7.2685944,112.7483
Semi Jaya Florist,-7.2686918,112.7481795
Cv. Manila,-7.2687135,112.7481452
Helmina Surabaya Florist,-7.2689461,112.7482198
Toko Bunga Surabaya Lestari Florist,-7.268878,112.7479067
Admin Keisha Florist,-7.26008,112.7642226
Bunga Papan Surabaya,-7.2584284,112.7515124
Sri Rejeki,-7.254267,112.750684
Toko Bunga Ketupa,-7.2600469,112.756709
Floral Bureau,-7.2644492,112.7543465
Titik Kerinduan,-7.268928,112.7533111
Slumberland,-7.2618814,112.7507056
Vivere Store,-7.2618583,112.7506294
Sleep Center,-7.2621216,112.7509784
Ud. Benly,-7.2526399,112.7548922
Toeng Market Jaksa Agung,-7.2576601,112.7461966
Toko Sumber Rejeki,-7.2515357,112.7495071
Toko Pak Ji,-7.259804,112.759114
Bangkirai,-7.2647708,112.7470202
Tecnogas,-7.251282,112.745535
Alga Jaya Raya. Pt,-7.2587318,112.740994
Karya Mandiri,-7.2491752,112.7596444
Pt.Alba Unggul Metal,-7.269024,112.75026
Thermomix Advisor,-7.2574719,112.7520883
Telaga Mas Raya. Ud,-7.2574719,112.7520883
Mebel Surya Persinar,-7.257472,112.752088
Sinar Sembilan Jaya,-7.2573714,112.753244
Beras Murah,-7.2583793,112.7508138
Rumah Furniture Murah,-7.259235,112.753581
Toko Pak Gegah,-7.254274,112.751013
Toko Pak Guntur,-7.2542529,112.750922
Spbu Pertamina 54.601.43 Tapak Siring,-7.2604778,112.7543277
Spbu Pertamina 54.60.184,-7.254392,112.7497455
"Pt Perusahaan Gas Negara, Tbk. Sales And Operation Region Iii",-7.2649771,112.7467625
Spbu Pertamina 54.601.90 - Gubeng,-7.2683906,112.7510598
Spbu Pertamina Indrakila,-7.2604874,112.7540454
Spbu Ambengan 54.601.104,-7.2561205,112.7465684
Spbu Pertamina 55.601.129,-7.2568923,112.7579717
Agip Indo Nusantara. Pt,-7.2491833,112.7548042
Spbu Pertamina Ngaglik 54.601117,-7.2489947,112.7547884
Pertamina,-7.2489786,112.7547994
Spbu Shell - Pemuda Central-1,-7.2657579,112.7483783
Bp - Pemuda,-7.2654906,112.747299
Clark Hatch Fitness Surabaya,-7.2636746,112.7464254
Shaga Fitness,-7.2649105,112.7487695
Gold'S Gym Grand City,-7.2618021,112.749694
Ivan,-7.2574719,112.7520883
Pencak Organisasi Ranting Pogot Palm Surabaya,-7.2574719,112.7520883
Ananta Yoga Studio,-7.257422,112.752081
Pole Fitness Academy Olivia,-7.2594135,112.7500302
Lapangan Tennis Indrakila,-7.2608039,112.7543565
Club Harus Ceria,-7.2586318,112.7559875
Aibi Grand City 3Rd Floor No.318-319,-7.261917,112.750577
Gedung Wushu Yasanis,-7.2627434,112.7489382
Club Nafiri Ceria,-7.2597621,112.7589506
Klinik Penyakit Kandungan Dan Kebidanan,-7.251531,112.7457928
Sport Science Center Fakultas Kedokteran Unair,-7.2640458,112.7595389
Fit Hub Gubeng,-7.2673547,112.7508955
Kirana Yoga,-7.251364,112.743964
Ratjikan Jeng Ayu,-7.2484099,112.7473469
Muscle Gym Fitnes,-7.2569526,112.7630759
Yoga Saputra,-7.258549,112.740731
Trinity Club,-7.248165,112.758578
The Roots Barbershop,-7.2587075,112.7503382
Potong Rambut Anda,-7.2542782,112.7515698
Paxi Barbershop,-7.261795,112.750542
Johnny Andrean,-7.265133,112.748924
Jewel Bridal & Hair Make Up,-7.2501897,112.747125
Jimmy Waworuntu,-7.2674391,112.7489612
Johnny B Goode,-7.2586712,112.7524338
Agus The Hair & Bridal Salon,-7.2588449,112.7513262
Cutbox Barbershop,-7.2583968,112.7502335
Potong Rambut Fajar Pagi,-7.258684,112.7551726
Dewata Potong Rambut,-7.2587072,112.7551841
De'Cutz Barbershop,-7.258356,112.7487797
Yance Salon,-7.2535971,112.7523722
Wani Cukur,-7.2604675,112.7493672
Potong Rambut Setia,-7.2599425,112.7554183
La Viola,-7.2599918,112.748636
Barber Shop Express,-7.2600378,112.7486689
Cut Seventeen Barbershop,-7.2600181,112.7486147
Barber Shop Sampoerna,-7.2619157,112.7533355
D'Joker Barbershob,-7.260841,112.7552812
Pt. Eternal Asia Indonesia,-7.25241,112.750515
Dealer Resmi Asus,-7.252134,112.75042
Mandiri Jaya,-7.253143,112.753175
Mr.D.I.Y,-7.2619163,112.75063
Fast N Cheap,-7.2523253,112.7505666
Sinar Jaya Abadi Bangunan Teknik Listrik Supplier Consultant Surabaya,-7.253072,112.7483819
Mr.Diy,-7.264766,112.748695
Fast N Cheap,-7.2649105,112.7487695
Warna Agung,-7.249368,112.754688
Ud Istana Indah,-7.2491552,112.7551387
Jasa Sahabat,-7.2491844,112.7553321
Toko Lancar,-7.248865,112.754637
Kedaitronik,-7.2486743,112.7494702
Ud Sahabat Jaya,-7.247236,112.751259
Ud Damai Jaya,-7.247276,112.753683
Ud Bina Sentosa,-7.247132,112.752192
Toko Bangunan Timur Jaya,-7.2482992,112.7459353
Mr.Diy,-7.2484489,112.7587943
Toko Astika,-7.2461008,112.7511319
Toko Perkakas Empat Bintang,-7.2452538,112.751271
Klungkung Bali,-7.2574719,112.7520883
Panasonic,-7.25241,112.750303
Slumberland,-7.2618814,112.7507056
Vivere Store,-7.2618583,112.7506294
Ledtron,-7.256216,112.747538
Sleep Center,-7.2621216,112.7509784
Altastar Computer,-7.252156,112.75057
Ud. Benly,-7.2526399,112.7548922
Media Center,-7.252008,112.751009
Agc Smart,-7.252112,112.7504719
Canon - Ac Comp,-7.252112,112.750411
Toeng Market Jaksa Agung,-7.2576601,112.7461966
Toko Sumber Rejeki,-7.2515357,112.7495071
Avia Avian. Pt,-7.2602343,112.7456281
Toko Pak Ji,-7.259804,112.759114
Good And Cool Studio,-7.2494539,112.7520549
Comforta,-7.265102,112.748783
Gunawangsa,-7.265199,112.748989
Mg Sports & Music ( Maharupa Gatra. Pt ),-7.265054,112.748584
Ace Hardware,-7.2652418,112.748459
Digital Music University,-7.265413,112.747695
Rsia Siti Aisyah Surabaya,-7.2591459,112.7566147
Emergency Unit Of Dkt Gubeng Corner Hospital,-7.2651263,112.7516133
Adi Husada Cancer Center (Ahcc),-7.2522425,112.7461993
Adi Husada Medical Center,-7.2508236,112.7457297
Parkway Hospitals Singapore,-7.265295,112.747095
Lantai 7 Rsud Soetomo,-7.267081,112.7564151
Instalasi Paliatif Dan Bebas Nyeri Rsud Dr. Soetomo,-7.267081,112.7564151
Adi Husada Undaan Hospital,-7.2516239,112.7458645
Rumah Sakit Surabaya,-7.2574719,112.7520883
Rs Pelabuhan Phc,-7.2574719,112.7520883
Mami Intan,-7.2574719,112.7520883
Big Hospital Surabaya,-7.2574719,112.7520883
Puri Indah,-7.2574777,112.752031
Klinik Medis Dan Bedah Sarah,-7.2584381,112.7536191
"Laboratorium Klinik ""Wijaya Kusuma""",-7.2570136,112.7489306
"Sintadewi Ramatjandra, Drg",-7.2599329,112.7495362
Klinik Pratama Mediska Surabaya Gubeng Pt. Kereta Api Indonesia,-7.2607769,112.7538452
Laboratorium Utama,-7.2568002,112.7474149
Soto Pak Mat,-7.2595154,112.7566368
Gubeng,-7.261582,112.7490265
Asuransi Harapan Aman Pratama. Pt - Surabaya,-7.2586221,112.74424
Pt Asuransi Asoka Mas,-7.2554782,112.7505788
"Pt Tokio Marine, Jl. Ambengan 53, Surabaya",-7.255774,112.7494515
Sequis Life,-7.258264,112.747436
Dplk Bumiputera,-7.256412,112.747017
Prudential (Agency). Pt,-7.256008,112.746892
Sequislife,-7.256476,112.746297
Provider Jasindo Health Care - Husada Utama,-7.2647044,112.7562003
Asuransi Mitra Maparya. Pt,-7.265267,112.7463984
Axa Mandiri Insurance,-7.2499729,112.7455321
Arthagraha General Insurance. Pt,-7.255421,112.742151
Asuransi Jiwa Bersama Bumiputera 1912 - Surabaya,-7.2552924,112.7414799
Asuransi Jiwa Bersama Bumiputera 1912 - Surabaya Manyar,-7.2647345,112.7609743
Pt. Asuransi Dayin Mitra Tbk Cabang Surabaya,-7.264958,112.743122
Wiyung,-7.2574719,112.7520883
Asuransi Axa,-7.2574719,112.7520883
Toko Kelontong,-7.2574719,112.7520883
Sunlife,-7.2574719,112.7520883
Manulife Ambengan Infinite Dream,-7.2558215,112.7508321
Pt. Adira Quantum Multi Finance,-7.252607,112.75037
Safari Jewelry,-7.2649105,112.7487695
Yobel Silver,-7.2641389,112.748377
Kapasan Gold,-7.2470947,112.7474849
Montblanc Boutique - Plaza Tunjungan Iii,-7.265277,112.7425
Manique Beads Accessories,-7.2574719,112.7520883
Toko Emas Setia Baru 1,-7.257472,112.752088
Toko Mas Usaha Jaya,-7.257472,112.752088
Pt. Berlian Mandiri Perkasa,-7.25566,112.74977
Toko Mas Warto,-7.254251,112.751023
Toko Mas Dika,-7.254285,112.750532
Toko Emas Lancar Jaya,-7.2590384,112.7479985
Safari Jewellery,-7.2618993,112.7501739
Toko Perhiasan Widjoyo,-7.2593703,112.7569162
Mhk,-7.251582,112.749055
Toko Permadi,-7.259578,112.75878
House Of Duy,-7.252347,112.747309
Toko Emas Permadi,-7.2602346,112.7586802
Toko Perhiasan Bintang Mas,-7.2602598,112.7588038
Toko Mas Agung Lestari,-7.2597529,112.7590386
Agung Kencana,-7.259618,112.759136
Laundry Kiloan & Satuan Surabaya Laundry Seneng,-7.2528611,112.7556057
Pro Clean Indonesia,-7.2574719,112.7520883
Dana & Dani Laundry,-7.257472,112.752088
Rizky Bersih Laundry,-7.256246,112.75262
Morcka Professional Laundry,-7.2586889,112.7539068
Mayster Clean,-7.2587754,112.7503579
D'Wash Laundry,-7.2596393,112.7524291
Londry Mijil Isnaini Ambengan Batu 4/18,-7.254401,112.751326
Cuci Helm ( Glossy ),-7.2609031,112.7502386
I & R Laundry,-7.258893,112.756245
Dd Loundry,-7.252608,112.752914
Laundry 18 Laundry Kiloan,-7.2590529,112.757243
Bonafide Laundry,-7.252781,112.7496287
Asia Laundry,-7.260199,112.756914
Arik Laundry,-7.253224,112.755726
Gemini Laundry Dry Cleaning Service,-7.2544388,112.7570044
"Laundry Express 4Jam, Laundry Kilat Sehari Jadi, Laundry Delivery Surabaya",-7.252956,112.755647
Chohinzi,-7.2528464,112.7555503
Bezt Laundry & Pangsit Mie Ayam Enak Murah,-7.254549,112.757255
Rhesix Laundry,-7.2519275,112.7541319
Yuliana & Rekan,-7.2614273,112.7520991
Law Office Rumadhono And Partners,-7.267116,112.7507799
"Notaris Irawan Kosuma, S.H., M.Kn.",-7.2570433,112.7508922
"Kantor Notaris & Pejabat Pembuat Akta Tanah Chandra Tandya, Sh",-7.259169,112.751688
Kantor Advokat / Pengacara T. Hartono Handoko. Sh,-7.2539457,112.7544957
Kantor Advokat Rakhmat Santoso & Partner,-7.259946,112.755688
Kantor Pengacara Drs Abd Basuki Sh,-7.2604617,112.7458864
Dr. Michael Koesoema Sh.Mh Dan Rekan,-7.264419,112.754406
Law Office Arnelwanru&Partners,-7.2496518,112.7504574
Bambang Budiono & Rekan,-7.2655983,112.7525632
"Kantor Advokat Yafet Kurniawan, S.H., M.Hum. & Rekan",-7.2496175,112.750283
Kantor Advokat Gede Sh,-7.2493758,112.7503628
Djuly Eddy & Partners,-7.264497,112.747509
Joni Fianto & Partners,-7.264479,112.747421
"Kantor Advokat Susana Kusmanto, Sh.",-7.2491059,112.7520998
"Edward Dewaruci, S.H., M.H",-7.2645795,112.7473832
"Tony Kartono, S.H.",-7.265363,112.748457
Kantor Pengacara Edi Santoso,-7.249053,112.7539179
Advokat Suhar,-7.2612504,112.7436747
Kantor Konsultan Leo Tornasoa Bchk,-7.2642396,112.7455788
Spensabaya Library,-7.2571536,112.7475723
Unair Library Campus A,-7.2654689,112.7573734
Jennahara_Moppet,-7.2574719,112.7520883
Paud & Perpustakaan Melati,-7.257103,112.752393
Perpustakaan Sman 9 Surabaya,-7.257717,112.7502136
Perpustakaan Sman 5 Surabaya,-7.2565875,112.7500523
Taman Baca Masyarakat Ketabang,-7.2620668,112.7520713
Balai Rw Xi Ngemplak,-7.2547515,112.7453477
Taman Bacaan,-7.2499081,112.750244
Taman Ekspresi Dan Perpustakaan,-7.2573072,112.7437199
Perpustakaan Umum Kota Surabaya,-7.2634661,112.7455016
Taman Baca Kalisari,-7.2501414,112.74716
Perpustakaan Sman 4 Surabaya,-7.2658806,112.7555428
Perpustakaan Sma Trimurti,-7.262935,112.7424685
Tbm Rw 10 Tambak Rejo,-7.246136,112.753067
Tipsy Tales (Tipsytales.Id),-7.2512317,112.7483527
Macan Boba Cheese,-7.2549167,112.7636533
Kantor Pemda Kota Surabaya,-7.2578182,112.7476348
Dinas Pengelolaan Bangunan Dan Tanah Kota Surabaya,-7.2588238,112.7470724
Rash Security,-7.259657,112.756065
Financial Management Agency And Local Taxes Surabaya City Government,-7.2577559,112.7473168
Dispenda Kota Surabaya,-7.2577293,112.747181
Surabaya City Hall,-7.2592417,112.7470118
Surabaya Mayor'S Office,-7.2591517,112.7468971
Puskesmas Tambak Rejo,-7.249124,112.755323
Perum Perhutani East Java Regional Division,-7.2566171,112.7428594
Kantor Hukum Sri Jaya Artha,-7.2651944,112.746491
Grha Corpus,-7.2657804,112.7462567
Uptd Surabaya 2,-7.2469919,112.758304
Darmo,-7.2574719,112.7520883
Kantor Kelurahan Ketabang,-7.256239,112.751363
Kantor Satgas Pemeliharaan Jalan Kota Surabaya,-7.2547209,112.753974
Afc Life Science Surabaya,-7.2608549,112.7514474
Corporate Chanelling,-7.2545648,112.7543872
"Badan Perencanaan Pembangunan Kota ""Bappeko"" Surabaya",-7.257452,112.748233
Bagian Bina Program Pemerintah Kota Surabaya,-7.2579299,112.7482539
Phr Bpkpd,-7.257931,112.7482439
Toko Sriwijaya,-7.2489588,112.7491663
Tukang Kunci Surabaya,-7.249327,112.7612908
Reddoorz Apartment Near Grand City Mall,-7.2512635,112.7483526
Garden Palace Hotel Surabaya Powered By Archipelago,-7.2637414,112.7466403
Hotel 88 Embong Kenongo,-7.2658564,112.7464411
Hotel Majapahit Surabaya,-7.2598294,112.7399478
Surabaya Suites Hotel,-7.2636036,112.748515
Weta International Hotel,-7.2587631,112.7427046
New Coklat Hotel,-7.2638201,112.7515385
Maumu Hotel & Lounge,-7.2598533,112.7448322
Uno Hotel Surabaya,-7.2586768,112.7397824
Grand Surabaya,-7.2642375,112.7464552
Oyo 2342 Asti Residence 1,-7.2567011,112.7607311
Hotel Sahid Surabaya,-7.2666519,112.7516298
Djagalan Raya Hotel,-7.2477834,112.7449115
Zen Rooms Near Grand City Mall,-7.2618606,112.7506527
Airy Eco Syariah Gubeng Kalibokor Selatan 108 Surabaya,-7.2643273,112.7610558
Reddoorz Near Taman Remaja Surabaya,-7.253807,112.7497249
The Life Hotel,-7.253709,112.7497191
Airy Taman Remaja Kusuma Bangsa Surabaya,-7.2536959,112.7497323
Livinn Hostel Surabaya,-7.2632833,112.7511778
Emerald Hotel Surabaya,-7.2561707,112.7462997
Warung Enggal,-7.257472,112.752088
New Sapta Snack,-7.259725,112.757212
Pt. Lintas Nusantara Perdana,-7.2649446,112.7519721
Depot Fadhilla,-7.2611915,112.7587349
Sempol Kang Imam,-7.2602748,112.759697
Kib Cepat Gubeng,-7.265811,112.751936
Mentok Markotop,-7.257967,112.7420443
Dapoer Arjuna,-7.2551729,112.7637174
Oitako,-7.258317,112.750271
Ayam Goreng Djakarta,-7.2474985,112.7506634
Dundee Fried Chicken,-7.2647033,112.7486793
Carnival Fried Chicken,-7.257472,112.752088
Ayam Goreng Djakarta,-7.2586579,112.7512544
Pentol Sampluk Surabaya,-7.2589645,112.7529226
Ayam Goreng Priyangan Dan Batagor,-7.2574311,112.7541974
Pangsit Mie Ayam Jakarta Bang Naris,-7.2585883,112.7550101
Warung Ayam Geprek Enaak,-7.2543835,112.7516622
Pentol Pak Budi,-7.2578323,112.7554038
Warjo,-7.2591302,112.755229
Warung Bola Yunior,-7.2580512,112.7485596
Pentol Goreng 33,-7.254233,112.750566
Siomay Maknyus,-7.254235,112.750552
Ayam Goreng Madu4D,-7.2602273,112.7494456
Mama Indonesian Food,-7.261575,112.750238
Ayam Goreng Dan Bakar Tambaksari,-7.2538004,112.7548568
Ayam Goreng Chi-Chi,-7.253294,112.7496331
K'Zie Takoyaki & Okonomiyaki,-7.262271,112.7534599
Easy Pizza,-7.2625074,112.7512211
Executive Musholla Al-Hidayah,-7.2600505,112.7519561
Muhammad Cheng Hoo Mosque,-7.2519788,112.7468106
Jawa Barat Bandung,-7.2575,112.7521
Pak Kohar,-7.2574719,112.7520883
Rumah Cak Holek,-7.2574719,112.7520883
Lailatul Fitrah,-7.2574719,112.7520883
Suyanto,-7.2574719,112.7520883
Hotel,-7.2574719,112.7520883
Wahyu Kendangsari,-7.2574719,112.7520883
Musholah Carnival Park Surabaya,-7.2574719,112.7520883
Masjid Al-Qithaar,-7.261437,112.7536196
Masjid Grand City 5A,-7.2624038,112.7509488
Musholla Wtc,-7.2624983,112.7480903
Musholla Al Ikhlas,-7.2588045,112.7456152
Musala Stasiun Gubeng Lama (Baru),-7.264513,112.7520947
Langgar Wakaf Sabilillah,-7.254961,112.744946
Musholla Asih Al Akbar,-7.2593929,112.7445813
Musholla 2Nd Floor Plaza Surabaya,-7.2647931,112.7491259
Mushola Delta Plasa Lt 2,-7.2648214,112.7487699
Masjid At-Taubah Garnisun,-7.2589806,112.7440645
Toko Sania,-7.2545193,112.7499203
Patimura Muda,-7.248397,112.759093
Boncu,-7.248411,112.759123
Grand City Xxi,-7.261871,112.7501589
Delta Xxi,-7.2649009,112.7485466
Grand City The Premiere,-7.2614596,112.7506873
Cinema Xxi,-7.2619163,112.75063
Ex. Bioskop Mitra,-7.2633274,112.7455777
Bioskop Indra,-7.2644519,112.7452508
Cinema 5D,-7.2484176,112.758247
Movimax Kaza,-7.247806,112.758627
Pt. Ksm Trans ( Kusuma Sejahtera Makmur ) Surabaya - Jasa Trucking Container / Cargo 20-40 Feet,-7.2621553,112.7596768
Sumber Sejahtera Towing & Car Carrier,-7.2521256,112.747698
Mes Hartono Surabaya,-7.2558542,112.7531084
Museum Wr Soepratman,-7.2506354,112.7537695
Taman Kreasi Surabaya,-7.2560325,112.7440948
Dolanan Art Experience,-7.2648774,112.7485448
Kolam Renang Monkasel,-7.2658347,112.7495346
Panggung Teater Balai Pemuda,-7.2653396,112.7480177
Museum Pendidikan Surabaya,-7.2562147,112.7429471
Museum Pendidikan Kedokteran Unair Surabaya,-7.2652607,112.7580426
Museum Kanker Indonesia,-7.2674818,112.7489319
Uycc Art Gallery,-7.2680621,112.7477999
Cats Pajamas Cafe And Lounge,-7.2638036,112.7463985
Bekisar Bar,-7.2667941,112.7515243
Nang Ndukur Langit Jandon Karo Mbulan,-7.2574719,112.7520883
Surabaya Kotan,-7.2574777,112.752031
Pagi Pagi Pagi Luar Biasa,-7.2584854,112.751318
"""Horre""",-7.2606155,112.7504536
Christopher Lie,-7.2544406,112.7559434
Maumu Karaoke,-7.2599189,112.744858
Pt. Diana Prima Perkasa,-7.261244,112.745118
Kowloon Palace International Club,-7.264821,112.7486687
Bonek Lumpia,-7.2492193,112.7530062
C-Bar (Community Bar),-7.2653735,112.7488293
M8 Karaoke,-7.2488861,112.7519
King Ball,-7.2583441,112.7428069
Baber Shop,-7.258268,112.7614636
Rasa Sayang Garuda Karaoke & Pool,-7.2481446,112.7502441
Swan Karaoke,-7.2588385,112.7409284
Mystic Night Club,-7.2480345,112.7584419
Randhu Kolenk,-7.2607083,112.7637656
Holywings Gold Surabaya,-7.2647443,112.7421806
Nippon Paint,-7.2600921,112.7442121
Taman Paliatif,-7.255478,112.7535054
Taman Teratai Surabaya,-7.2550995,112.7555813
Taman Hiburan Rakyat,-7.252291,112.7520012
Anggoraduala,-7.2574719,112.7520883
Housplant Id,-7.2574719,112.7520883
Rth Pakal,-7.2574719,112.7520883
Taman Persimpangan,-7.2561681,112.753974
Juan Beyy,-7.2595998,112.7501559
Gubeng,-7.2599544,112.7554346
Jasa Perawatan Taman,-7.2619995,112.7521292
Rumah Intann,-7.2541703,112.7563297
Parkir Taman Surya,-7.2605386,112.7474021
Taman Surya,-7.2602611,112.746855
Taman Balai Kota Surabaya,-7.2594338,112.746428
Taman Mundu,-7.2516046,112.7545983
Taman 10 Nopember Surabaya,-7.2516092,112.7546858
Taman Bermain,-7.2528021,112.7570756
Pohon Anggreak,-7.2528335,112.757132
Pasar Gelora,-7.2512211,112.7560497
Taman Manggis,-7.2499912,112.7546144
Securindo Packatama Indonesia. Pt,-7.2547779,112.7405978
Parkir Bus,-7.2574719,112.7520883
Parkir Tju Ayam Goreng Jakarta,-7.2588147,112.7513147
Parking Sman 9 Surabaya,-7.2577695,112.750579
Tempat Parkir Aiola,-7.2585598,112.750171
Pasha Jaga Parkir Honda Revo,-7.2586885,112.7500982
Parkir Mobil Sma Negeri 2 Surabaya,-7.2569108,112.7489925
Ijoh,-7.2572894,112.7486533
Parkir Sepeda Motor 2 Grand City Surabaya,-7.2610681,112.7497731
Car Park Grand City Surabaya,-7.2617855,112.7507925
Grand City,-7.2619738,112.7503496
Tempat Parkir Srikaya,-7.2526167,112.7545255
Bl3Nksuperstreet,-7.251827,112.753407
Balai Rw Xii Pacar Keling,-7.2607558,112.757422
Parkiran Motor Wtc,-7.262629,112.7481174
Stasiun Gubeng Lama Pintu Depan,-7.2640734,112.7519714
Parkir Taman Mundu,-7.2516849,112.755469
Parkir Sepeda Motor Gubeng Lama,-7.2644587,112.7520304
Parkir Motor Stasiun Gubeng Baru,-7.2646173,112.7529992
Pioneer Parking,-7.2640258,112.7486037
Toko Mas Topa,-7.2542884,112.750505
Toko Bu Mima,-7.254277,112.750518
Extreem Kuliner Darah Empedu Sumsum Ular Kobra,-7.2679104,112.7523159
Amin Ofborneo,-7.2608229,112.7523926
Toko Mas Hendra,-7.254241,112.7510009
Toko Pak Acong,-7.254223,112.750952
Toko Pak Dipo,-7.254268,112.750775
Toko Mbak Fitri,-7.2542375,112.7508067
Toko Bu Yani,-7.254269,112.750677
Toko Bu Risma,-7.254289,112.750572
Toko Mbak Murti,-7.254264,112.750592
Main Warna,-7.2562729,112.7556216
Fur Fluffy Ball,-7.254625,112.747558
Kage Pet Shop,-7.2530389,112.7561116
Rumah Anjing Surabaya02,-7.2536088,112.7569513
Harry - Hsb,-7.250982,112.751904
M'Bakul Sugar Glider,-7.2628864,112.7480736
Markas Filter All Brand High Quality,-7.2512769,112.748714
Brengos Gecko Farm,-7.2503567,112.7522245
Toko Mas Parjo,-7.2596339,112.7591399
Spa Royal Garden,-7.2584299,112.751237
Apotek Kimia Farma Kusuma Bangsa,-7.255286,112.750117
Perfect Health,-7.2619621,112.75044
Guardian - Plaza Surabaya,-7.26421,112.748359
Wilayah Klampisnqasem,-7.2574719,112.7520883
Pusat Herbal,-7.2574719,112.7520883
Perandah Indah,-7.2574662,112.7521708
Raphael Aesthetic,-7.2580464,112.7511551
Bachri Brother,-7.2562742,112.7525984
Apotik Wijaya,-7.2591837,112.7509384
Apotek Ykg,-7.2570438,112.7542396
Apotek,-7.2599726,112.7514055
Vitamale Original,-7.2553941,112.7501459
Afc Life Science Sby,-7.2608549,112.7514474
Tanah Sehat. Cv,-7.255086,112.7549172
Apotek,-7.2543288,112.7486716
Madu Penyubur Kandungan Alami,-7.2620127,112.7506075
Watsons Grand City Mall Surabaya,-7.2623702,112.7506509
Kusuma Apotik,-7.2525847,112.7494347
Apotek Primadona,-7.259539,112.757471
Pijat Urat Alternatif Bu Indra,-7.251498,112.761529
Toko Jaya Makmur,-7.2644445,112.7449911
Civil Service Police Unit,-7.2583886,112.7467455
Polsekta Tambaksari,-7.2569251,112.7554844
Polsek Genteng,-7.2558146,112.7483863
Sektor Genteng,-7.2558061,112.7483428
Pos Polisi Gubeng,-7.2664759,112.7515767
Pos Polisi Surabaya,-7.2642396,112.7455788
Kantor Pos,-7.259887,112.757974
Kantor Pos,-7.24978,112.749864
Kantor Pos & Giro Kertajaya,-7.2642396,112.7455788
Agen Kantor Pos Undaan 1,-7.249627,112.7462247
Kantor Pos Sb Simpang,-7.2639619,112.7433496
Kantor Pos Kapasari,-7.2457817,112.7511634
""" Elman "" Klinik Kesehatan Dan Kantor Pos",-7.2480087,112.7448341
Kantor Pos Tambaksari,-7.2542374,112.754791
Posaja! Drop Point,-7.2511929,112.754112
Pos Lion Parcel Pasar Keling,-7.2603052,112.7588375
Letter Box,-7.2651978,112.748752
Posaja! Drop Point,-7.2532556,112.7596753
Posaja! Drop Point,-7.2600796,112.7609045
Agenpos Wirajaya,-7.26424,112.745579
Agenpos Jatisari,-7.26424,112.745579
Posaja! Drop Point,-7.251392,112.7592844
Kantorpos Surabaya Universitas Airlangga,-7.2649418,112.7580268
Posaja! Drop Point,-7.2675607,112.7526243
Posaja! Drop Point,-7.2471233,112.7567168
Buah Sulung Christian School,-7.257757,112.756645
Kristen Petra Elementary School 7,-7.2489046,112.7482296
Sdn Jajar Tugal 3,-7.2574719,112.7520883
Tk Dharma Wanita Dewi Sartika Prigi Rt.01 Rw.02 Kecamatan Kanor,-7.2574719,112.7520883
Sdn Karang Pilang 1,-7.2574719,112.7520883
Permata Bunda Elementary School,-7.2583746,112.7499647
Elementary School State 5 Of Pacar Keling,-7.2581386,112.7549701
Sd Katolik Santa Theresia Surabaya,-7.2563728,112.7548679
Sdk St. Yohannes Gabriel,-7.2555421,112.7544676
Sekolah Dasar Buah Sulung,-7.2577262,112.7566915
Elementary School State 1 Of Ketabang,-7.2557188,112.7476152
Sdk Tunas Harapan Bangsa,-7.2560548,112.7461394
Elementary School State 1 Of Tambaksari,-7.251471,112.75391
Elementary School State 5 Of Kapasari,-7.2511727,112.7507511
Elementary School State 2 Of Ketabang,-7.2540395,112.7463054
Elementary School State 8 Of Kapasari,-7.2505795,112.7500991
Elementary School State 3 Of Tambaksari,-7.2507454,112.7546299
Sekolah Dasar Kristen Ybpk Surabaya,-7.264448,112.755635
Ankit Yadav Ahiran Brand,-7.2648774,112.7485448
Tempat Lest Arya,-7.2492602,112.7539588
Era Productions,-7.252689,112.7455019
Era Galaxy - Gubeng Branch,-7.267507,112.7507765
Artier Living,-7.2479723,112.7457382
Db Real Estate Indonesia,-7.2574719,112.7520883
Priyanto'S,-7.2574719,112.7520883
Ray White,-7.257472,112.752088
Ray White Perak,-7.2563771,112.7508264
Kamar Kos,-7.2553972,112.7520156
"The Market - Eat, Work & Study",-7.2592,112.7501839
Rumah Property,-7.2583522,112.7487608
Agent Properti,-7.2577382,112.7470734
Rumah Properti,-7.2624325,112.7501768
Rumah Halalku,-7.260001,112.7570737
Mentari Virtual Office,-7.2565133,112.7443528
Bram Group,-7.2619927,112.7591006
Aneka Accessoris Hp Murah,-7.2491705,112.7526867
Spot Lens Sewa Action Cam Dan Sewa Drone,-7.2594876,112.7422495
Menerima Pemasangan Wifi Indihome,-7.2481172,112.7486049
Tifa Serviced Office,-7.265696,112.744793
Caesar Palace,-7.246761,112.7479749
Surabaya Suites Hotel,-7.2636036,112.748515
Soto Ayam Kenari,-7.2596704,112.7423681
Suteki,-7.2611131,112.7500902
Waroeng Iboe,-7.2598066,112.7523425
Oitako,-7.258317,112.750271
Roro Dimsum,-7.2574719,112.7520883
Toby'S - Kusuma Bangsa,-7.2607439,112.7515292
Bek Gun'S Pacar Keling,-7.2601608,112.754611
Peco Peco Sushi Grand City,-7.261264,112.7503507
Inball Snack Cafe,-7.2599553,112.7486722
Dcrepes,-7.261532,112.750643
Bentoya Grand City,-7.2617198,112.7508982
Excelso,-7.2615886,112.7504172
Mie Jogging,-7.2610802,112.7493467
X.O Suki,-7.2618583,112.7506294
Wendy'S Grand City Mall Surabaya,-7.2619299,112.7507795
My Kopi-O!,-7.2618041,112.7503141
Bebek Ningrat(King Of The Duck),-7.2580424,112.7576351
Pentol Cup Cak Mar,-7.251894,112.750567
Alhamra Restaurant,-7.2587364,112.746149
Tk Melati Putih,-7.258127,112.7599146
Smp Katolik Santo Stanislaus,-7.2563728,112.7548679
Buah Sulung Christian School,-7.257757,112.756645
Senior High School State 5 Of Surabaya,-7.2569757,112.7500555
Wahana Gumilang Group,-7.2592161,112.7535331
Senior High School State 1 Of Surabaya,-7.2573109,112.7493147
St. Agnes Catholic High School,-7.2572408,112.7549217
Senior High School State 2 Of Surabaya,-7.2565323,112.7493485
Medulab (Medical Education Laboratory),-7.2558229,112.7493304
Junior High School State 1 Of Surabaya,-7.2573064,112.7476857
Ignatius Layola Authorized International Test And Training Center,-7.256692,112.7463971
Hope Ctc Surabaya,-7.2524129,112.7505691
Gracia Senior High School,-7.2647228,112.7514303
Aikido Kakuyuukai Indonesia,-7.2645131,112.7545094
Pacarkembang I,-7.2597729,112.7598308
Slb Bangun Bangsa Surabaya,-7.2563593,112.7604101
Digital Music University,-7.265413,112.747695
Senior High School State 7 Of Surabaya,-7.248928,112.7524382
Senior High School State 4 Of Surabaya,-7.2657004,112.7552615
Ruang Kuliah Patologi Anatomi,-7.2643198,112.7580409
Ruang Baca Fkg Unair,-7.265881,112.75591
Senior High School State 5 Of Surabaya,-7.2569757,112.7500555
Senior High School State 7 Of Surabaya,-7.248928,112.7524382
Senior High School State 4 Of Surabaya,-7.2657004,112.7552615
Sma Kristen Petra 3,-7.2492302,112.7475275
Sekolah Menengah Atas Atma Widya Surabaya,-7.247552,112.7501525
Logos Christian School,-7.260438,112.7409202
Eko Purwito,-7.2532556,112.7596753
Sma N 1 Taman,-7.2572758,112.7428188
Smk Farmasi Surabaya,-7.247743,112.750266
Sekolah Menengah Kejuruan Kesehatan Nusantara Surabaya,-7.2624011,112.7422757
Vella,-7.245922,112.7521839
Crocs - Grand City,-7.2612612,112.7507543
Pedro - Grand City,-7.2616405,112.750277
Hush Puppies,-7.2618583,112.7506294
Ripcurl,-7.2619252,112.7503681
Bellagio,-7.2546029,112.7470423
Puppies Shoes,-7.264121,112.748368
Ap Boots Kids,-7.264111,112.748328
Pt. Ortho Timur,-7.2563731,112.744449
Buccheri,-7.2647766,112.7486923
Bata,-7.2642123,112.7475741
Crocs,-7.265216,112.749086
Obsession,-7.2651978,112.748752
Sui Sui,-7.2651978,112.748752
Melissa,-7.2651978,112.748752
Precise Shoes,-7.265198,112.748752
Happy,-7.2652087,112.7483672
Bata,-7.2489651,112.7586299
Fladeo,-7.248206,112.75842
League Mds Kaza City Surabaya,-7.2486584,112.7591031
Mitrasport Surabaya,-7.2486975,112.744099
Dunkin' Donuts,-7.2574719,112.7520883
Grand City Mall Surabaya,-7.2619685,112.7499944
Archicom Kreasindi Network,-7.252572,112.750339
Hi-Tech Mall,-7.2523439,112.7499359
"Digi Prin, Inc",-7.2535509,112.7459889
Century,-7.2640002,112.748229
Pt. Multi Aneka Pangan Nusantara,-7.2510089,112.7476311
Distributor Boneka Horta,-7.2487704,112.7526389
Duta Ban,-7.250409,112.74608
Subur Jaya,-7.2480002,112.7459018
Nanotech Indonesia,-7.2659642,112.7444645
Wtc Surabaya,-7.2627836,112.7480907
Pasar Kapasan,-7.2574719,112.7520883
Online Shop,-7.2574719,112.7520883
Surabaya Kota Madya,-7.2574719,112.7520883
Anugrah Sembako,-7.2574719,112.7520883
Alinco Depo Sby,-7.2574719,112.7520883
Toko Victoria,-7.2574719,112.7520883
Ayam Potong Surabaya,-7.2574719,112.7520883
Fredy Shop,-7.257472,112.752088
Surabaya,-7.2574719,112.7520883
Muncul Cell,-7.2539312,112.7548381
Fian Cell,-7.258547,112.754931
Bank Mandiri Surabaya Pdam,-7.259943,112.755418
Zen Rooms Near Grand City Mall,-7.2618606,112.7506527
Kumon Kanginan,-7.2575527,112.7513733
One Collection,-7.2564046,112.7513058
Lembaga Bimbingan Belajar Ganesha Operation Jimerto,-7.2584171,112.7497836
Bunga Bakung Florist,-7.2585544,112.7515538
Lasika Production,-7.2596004,112.7517424
Waroeng Iboe,-7.2598066,112.7523425
Jam Tangan Original Murah Berkualitas - Jamtanganpro.Com,-7.2574719,112.7520883
Suteki,-7.2611131,112.7500902
Crocs - Grand City,-7.2612612,112.7507543
Gka Gloria Pacar,-7.25675,112.747969
Percetakan Salsabila,-7.2564133,112.7512691
Oitako,-7.258317,112.750271
Smp Katolik Santo Stanislaus,-7.2563728,112.7548679
Pt. Sakya Danaarta Wibawa,-7.255142,112.7540877
Perum Pegadaian - Upc Pacar Keling,-7.259254,112.755333
Puri Maharani,-7.256102,112.747261
"Pijat Refleksi Royal Garden Massage, Spa (Under Renovation Please Check Other Outlet)",-7.254126,112.745271
Khana Spa,-7.265046,112.748718
Tirta Ayu Spa Royal Gallery Kayoon,-7.2673691,112.7491272
Martha Tilaar Salon Day Spa Surabaya,-7.259876,112.7405541
Direa Home Facial By Nu Skin,-7.259963,112.7548309
Pijat Capek Bu Fida Khusus Wanita,-7.2541638,112.7555741
Fiaz Home Spa & Treatment,-7.260136,112.756949
Miracle,-7.252325,112.750236
Sehat Bugar Maria Elizabeth,-7.255701,112.746258
Hello Moms Baby Spa,-7.2534428,112.7467854
Marco Salon And Spa,-7.2633513,112.7485228
Atm Osphere,-7.2513382,112.7481942
Kenza Spa,-7.264412,112.748216
Timochi Massage Reflexy,-7.2560829,112.7441028
Joolie Beauty Center And Spa,-7.2510326,112.7571184
Halimahspa70,-7.25221,112.7597773
Pijat Mafia Reflexy,-7.2668228,112.7532571
Pelangi4D Spa,-7.2588395,112.7423188
Spa Pelangi4D,-7.2672689,112.7491533
Gedung Persebaya,-7.2530199,112.7571492
Gelora 10 November Stadium,-7.2518442,112.7562868
Pelangi Teknik,-7.2644412,112.7448909
Goodfellas Impor,-7.2574719,112.7520883
Gudang Ljr,-7.2574719,112.7520883
"Lift Barang, Hasil Mitra Pengusaha",-7.2578327,112.7525916
Ja,-7.2556812,112.7481026
Service Center V-Gen,-7.2542147,112.749009
Siappakai,-7.255,112.758388
Pt. Wahana Rizky Gumilang (Ware House),-7.26408,112.7541946
Cv Malindo Distributor Pakan Ternak,-7.2558405,112.759547
Gudang Farmasi Pers.Perk Adi Husada,-7.2524511,112.7463568
Gudang Bgr Metrodata Surabaya,-7.2501039,112.7497428
7Victory,-7.2524136,112.7582342
Cv Toba,-7.2502454,112.7486458
Podo Mekar Warehouse,-7.2492272,112.748975
Pt Sk Logistik Surabaya,-7.2652679,112.7470131
Gudang Pempers,-7.2489765,112.7561119
"S&F, Warehouse",-7.2489874,112.756178
Gedung Ex Apotik Nusantara,-7.249032,112.746026
Kantor Pap,-7.254798,112.7622379
Endro,-7.2477265,112.7478235
Gold Coin,-7.254914,112.7625645
Surabaya Suites Hotel,-7.2636036,112.748515
Hokky Cell,-7.2509707,112.7499155
Muncul Cell,-7.2539312,112.7548381
Rita Fotocopy,-7.256759,112.7593897
Omega Ban,-7.255185,112.742919
Fian Cell,-7.258547,112.754931
Nizar,-7.25086,112.75539
Myticket,-7.2618483,112.7500245
One Collection,-7.2564046,112.7513058
Crocs - Grand City,-7.2612612,112.7507543
Planet Digital,-7.2523253,112.7505666
Bazaar Parcel,-7.2601339,112.7443863
Bunga Bakung Florist,-7.2585544,112.7515538
Plasa Computer,-7.2523038,112.7506971
Perum Pegadaian - Upc Pacar Keling,-7.259254,112.755333
Galerio,-7.263413,112.747798
Jam Tangan Original Murah Berkualitas - Jamtanganpro.Com,-7.2574719,112.7520883
Tba Bookstore,-7.2645034,112.7487853
Toys City,-7.2651698,112.7486777
Wearnes World,-7.2523211,112.7508401
K-Galaxy Supermarket,-7.2522041,112.7503895
Alfamart,-7.2582727,112.7541922
Indomaret,-7.2569935,112.7542939
Alfamart,-7.2539489,112.7501359
Foundry Snacks,-7.254738,112.747529
Indomaret Kusuma Bangsa,-7.2526539,112.749444
Alfamart,-7.2604399,112.759256
Indomaret Point,-7.2652107,112.7519637
Indomaret,-7.2599791,112.7441663
Alfamart,-7.2479353,112.7460114
Indomaret Fresh Bronggalan,-7.2579163,112.7640726
Agen Telur Surabaya - Kana Telor,-7.2463322,112.7566396
Superindo - Plaza Surabaya,-7.2648478,112.7485046
Toko Amanah,-7.2574719,112.7520883
Pasar Puteran,-7.2572056,112.752667
Toko Berkah Kanginan,-7.2566417,112.7525095
Toko Barokah,-7.256584,112.752606
Betta81Surabaya,-7.255827,112.751927
Alfamart,-7.2562249,112.7509902
Aneka Gorengan Aurel,-7.2546601,112.7514266
Arca Joko Dolog,-7.2649156,112.7427767
Taman Paliatif,-7.255478,112.7535054
Taman Hiburan Rakyat,-7.252291,112.7520012
Muhammad Cheng Hoo Mosque,-7.2519788,112.7468106
Hasil Bagus Indonusantara,-7.2473613,112.7556799
Zebra Cross Jl.Tunjungan,-7.2574719,112.7520883
Pantai Kanjeran,-7.2574719,112.7520883
Lampu Hias Jalan Tunjungan,-7.2574719,112.7520883
Bukan Inggit,-7.2574719,112.7520883
Komunitas Wayang Thr Surabaya,-7.2528255,112.7520847
Dermaga Kalimas,-7.2628561,112.7496235
Taman Mundu,-7.2516046,112.7545983
Patung Suro Dan Boyo Skate Park,-7.2639221,112.7503111
Museum Wr Soepratman,-7.2506354,112.7537695
Kampoeng Oase Ondomohen,-7.2596961,112.74479
Wisata Perahu Kalimas Rute Monkasel - Siola,-7.2623406,112.7457631
Kolam Renang Monkasel,-7.2658347,112.7495346
Taman Buah Undaan,-7.255299,112.7432214
Ekowisatajatim,-7.2566165,112.7428273
Alun - Alun Surabaya,-7.2638645,112.7453065
Surabaya Gubeng,-7.2653267,112.7526855
Inkopka,-7.271546,112.748759
Stasiun Surabaya Kota,-7.24299,112.74155
Sidotopo,-7.2362894,112.7554311
Surabaya Pasar Turi Train Station,-7.248256,112.7310733
Ngagel,-7.2889476,112.7477617
Kalimas Station,-7.2197392,112.7351314
Surabaya Gubeng,-7.2653267,112.7526855
Halte Sman,-7.25755,112.750868
Halte Sman 9 Surabaya,-7.25766,112.750687
Smpk Stanislaus,-7.25643,112.75418
Salon Tutik,-7.258471,112.754726
Sdn Pacarkeling,-7.25827,112.75483
Simpang Residen Sudirman - Tapak Siring,-7.260134,112.753631
Masjid Al - Qithaar,-7.26121,112.75336
Simpang Gerbong - Tapak Siring,-7.261464,112.753008
Rsb St Melania,-7.25419,112.754745
Grand City Mall,-7.2617897,112.7512773
Grand Father Coffee,-7.257976,112.757518
Balai Kota Surabaya,-7.26098,112.74791
Ramayana Mall,-7.252357,112.749832
Grand City,-7.26288,112.75038
Taman Makam Pahlawan Kusuma Bangsa Surabaya,-7.252338,112.749559
Stadion Glora 10 November,-7.251583,112.755355
Halte Kusuma Bangsa,-7.2506788,112.7499051
Moestopo,-7.26444,112.75413
Toko Podo Joyo,-7.25068,112.74968
Asia Budget Tours,-7.257613,112.7459007
Felianda Citraraya. Pt,-7.258147,112.744451
Vitama Travel,-7.2567979,112.752429
Pt. Ikhwan Berkah Sejahtera,-7.2564445,112.7510504
Aa Tour Travel - Travel Bandara Juanda,-7.254622,112.755121
Hannien Tour,-7.261593,112.750433
Tx Travel,-7.2617855,112.7507925
Warung Tiket,-7.256253,112.759389
Mu2Travel,-7.262488,112.757938
His Tours & Travel - Surabaya Gubeng Branch,-7.264802,112.755053
Sinar Express,-7.2498852,112.750202
Pt Indotour Travel,-7.2532152,112.744226
Safari Umrah & Haji,-7.2660703,112.748955
Cathay Pasific,-7.2642396,112.7455788
Surabaya Tourism Centre,-7.264071,112.7452472
Badjoel,-7.2605316,112.7429755
Best Tour,-7.2671694,112.7492278
Delta,-7.258669,112.74072
Pt. Taman Surga,-7.255347,112.74082
Genta Tours,-7.2632708,112.7417429
Airlangga University - A Campus,-7.2648582,112.7585343
Badan Pengembangan Pendidikan Keprofesian Berkelanjutan (Bp2Kb) Perdossi,-7.2669699,112.757053
"Kampus Keperawatan Soetomo, Poltekkes Sby",-7.2664673,112.7605863
Universitas Muhammadiyah Surabaya,-7.2574719,112.7520883
Lhu,-7.2574719,112.7520883
Wardi,-7.2574719,112.7520883
Bambang Hermawan Surabaya Sepanjang,-7.2574719,112.7520883
Faldo,-7.2574719,112.7520883
Hima Sipil Uwks,-7.2574719,112.7520883
Bimbingan Belajar Sony Sugema College,-7.2590142,112.7505305
Saya Hacker Malaysia,-7.2595139,112.7532548
Dede Private Renang,-7.2543999,112.751327
Terapi Jantung Diabetes Skoliosis Griya Sehat Semeru Surabaya,-7.258802,112.7576439
Bellphone Academy,-7.262866,112.7478199
Menyediakan Pembuatan Ijazah,-7.262866,112.7478199
Itsckmop,-7.2625392,112.7467716
Avicenna,-7.25295,112.74607
Kampung Syuru Distrik Agats,-7.2625965,112.7461675
Idea Indonesia Surabaya,-7.2638007,112.7465896
Stie Cakrawala,-7.264541,112.7474501
"Lianny Nangoi, Ms. Dokter Hewan",-7.2572456,112.7509508
Praktek Dokter Hewan Landvet.Id Dan Petshop Grand Cities,-7.2601349,112.7514259
Nur Khidmah,-7.2588708,112.7552134
Bambang Sasangko T Drh,-7.2544183,112.750184
Drh. Hana Pujiyati,-7.2622365,112.7597344
Jeffri Arwana Arowana Surabaya,-7.2613923,112.7611722
Topx Rabbitry,-7.247387,112.754915
Klinik Hewan Surabaya Lingkar Satwa Animal Care Gubeng,-7.2693372,112.7505251
"Silvanus Utama, Drh",-7.2563944,112.7401007